numFeatures,fit_time_mean,fit_time_std,score_time_mean,score_time_std,f1_micro_mean,f1_micro_std,f1_macro_mean,f1_macro_std,accuracy_mean,accuracy_std,precision_micro_mean,precision_micro_std,precision_macro_mean,precision_macro_std,recall_micro_mean,recall_micro_std,recall_macro_mean,recall_macro_std
1,0.055,0.007,0.013,0.003,0.471,0.043,0.414,0.040,0.471,0.043,0.471,0.043,0.434,0.035,0.471,0.043,0.471,0.043
2,0.060,0.009,0.011,0.003,0.486,0.046,0.465,0.048,0.486,0.046,0.486,0.046,0.528,0.058,0.486,0.046,0.486,0.046
3,0.056,0.009,0.011,0.003,0.518,0.047,0.516,0.048,0.518,0.047,0.518,0.047,0.559,0.052,0.518,0.047,0.518,0.047
4,0.068,0.012,0.012,0.003,0.531,0.052,0.530,0.052,0.531,0.052,0.531,0.052,0.567,0.052,0.531,0.052,0.531,0.052
5,0.077,0.013,0.011,0.003,0.534,0.048,0.533,0.048,0.534,0.048,0.534,0.048,0.573,0.046,0.534,0.048,0.535,0.048
6,0.091,0.010,0.012,0.003,0.538,0.050,0.534,0.051,0.538,0.050,0.538,0.050,0.576,0.050,0.538,0.050,0.538,0.050
7,0.106,0.014,0.013,0.003,0.530,0.052,0.524,0.052,0.530,0.052,0.530,0.052,0.565,0.052,0.530,0.052,0.530,0.051
8,0.123,0.013,0.012,0.002,0.531,0.045,0.526,0.044,0.531,0.045,0.531,0.045,0.554,0.046,0.531,0.045,0.531,0.045
9,0.134,0.016,0.012,0.002,0.542,0.047,0.537,0.046,0.542,0.047,0.542,0.047,0.565,0.047,0.542,0.047,0.542,0.047
10,0.151,0.019,0.012,0.003,0.544,0.048,0.539,0.048,0.544,0.048,0.544,0.048,0.564,0.052,0.544,0.048,0.544,0.048
11,0.163,0.020,0.013,0.003,0.529,0.048,0.524,0.048,0.529,0.048,0.529,0.048,0.547,0.052,0.529,0.048,0.529,0.048
12,0.178,0.025,0.013,0.003,0.536,0.048,0.532,0.048,0.536,0.048,0.536,0.048,0.552,0.051,0.536,0.048,0.537,0.047
13,0.191,0.025,0.013,0.003,0.524,0.045,0.520,0.045,0.524,0.045,0.524,0.045,0.535,0.046,0.524,0.045,0.524,0.045
14,0.211,0.029,0.013,0.003,0.546,0.048,0.544,0.048,0.546,0.048,0.546,0.048,0.563,0.050,0.546,0.048,0.547,0.048
15,0.220,0.030,0.013,0.003,0.554,0.047,0.552,0.047,0.554,0.047,0.554,0.047,0.568,0.049,0.554,0.047,0.554,0.047
16,0.231,0.029,0.012,0.003,0.542,0.058,0.539,0.058,0.542,0.058,0.542,0.058,0.548,0.060,0.542,0.058,0.542,0.058
17,0.242,0.032,0.012,0.003,0.529,0.055,0.526,0.055,0.529,0.055,0.529,0.055,0.534,0.056,0.529,0.055,0.529,0.055
18,0.250,0.035,0.013,0.002,0.530,0.058,0.526,0.060,0.530,0.058,0.530,0.058,0.533,0.062,0.530,0.058,0.530,0.058
19,0.248,0.033,0.013,0.003,0.534,0.058,0.530,0.058,0.534,0.058,0.534,0.058,0.540,0.059,0.534,0.058,0.534,0.057
20,0.259,0.039,0.013,0.003,0.525,0.053,0.522,0.053,0.525,0.053,0.525,0.053,0.531,0.055,0.525,0.053,0.525,0.053
21,0.264,0.033,0.013,0.003,0.524,0.056,0.520,0.057,0.524,0.056,0.524,0.056,0.529,0.058,0.524,0.056,0.524,0.056
22,0.263,0.040,0.012,0.002,0.535,0.054,0.531,0.055,0.535,0.054,0.535,0.054,0.539,0.058,0.535,0.054,0.535,0.054
23,0.271,0.038,0.013,0.002,0.538,0.053,0.535,0.053,0.538,0.053,0.538,0.053,0.544,0.055,0.538,0.053,0.538,0.052
24,0.264,0.042,0.013,0.002,0.544,0.052,0.541,0.053,0.544,0.052,0.544,0.052,0.552,0.056,0.544,0.052,0.544,0.052
25,0.268,0.050,0.013,0.003,0.543,0.050,0.539,0.051,0.543,0.050,0.543,0.050,0.549,0.053,0.543,0.050,0.543,0.050
26,0.271,0.037,0.013,0.003,0.550,0.049,0.546,0.050,0.550,0.049,0.550,0.049,0.556,0.052,0.550,0.049,0.550,0.049
27,0.265,0.036,0.013,0.003,0.553,0.051,0.550,0.052,0.553,0.051,0.553,0.051,0.561,0.054,0.553,0.051,0.553,0.051
28,0.265,0.036,0.014,0.003,0.552,0.053,0.550,0.054,0.552,0.053,0.552,0.053,0.560,0.056,0.552,0.053,0.552,0.053
29,0.267,0.037,0.014,0.003,0.550,0.053,0.547,0.054,0.550,0.053,0.550,0.053,0.557,0.057,0.550,0.053,0.550,0.053
30,0.267,0.037,0.014,0.002,0.545,0.053,0.543,0.054,0.545,0.053,0.545,0.053,0.554,0.056,0.545,0.053,0.545,0.053
31,0.263,0.035,0.014,0.003,0.540,0.048,0.537,0.049,0.540,0.048,0.540,0.048,0.546,0.051,0.540,0.048,0.540,0.048
32,0.244,0.033,0.013,0.003,0.533,0.050,0.531,0.050,0.533,0.050,0.533,0.050,0.540,0.051,0.533,0.050,0.533,0.050
33,0.243,0.032,0.013,0.003,0.529,0.051,0.527,0.051,0.529,0.051,0.529,0.051,0.536,0.053,0.529,0.051,0.529,0.051
34,0.217,0.029,0.014,0.003,0.518,0.047,0.515,0.048,0.518,0.047,0.518,0.047,0.524,0.050,0.518,0.047,0.518,0.047
35,0.208,0.025,0.014,0.003,0.515,0.046,0.513,0.046,0.515,0.046,0.515,0.046,0.521,0.048,0.515,0.046,0.515,0.046
36,0.205,0.028,0.014,0.003,0.509,0.048,0.507,0.047,0.509,0.048,0.509,0.048,0.515,0.047,0.509,0.048,0.509,0.048
37,0.204,0.030,0.014,0.003,0.515,0.048,0.512,0.048,0.515,0.048,0.515,0.048,0.521,0.048,0.515,0.048,0.515,0.048
38,0.187,0.032,0.014,0.003,0.516,0.044,0.513,0.045,0.516,0.044,0.516,0.044,0.521,0.045,0.516,0.044,0.516,0.044
39,0.179,0.033,0.014,0.003,0.520,0.046,0.517,0.047,0.520,0.046,0.520,0.046,0.525,0.047,0.520,0.046,0.520,0.046
40,0.181,0.030,0.014,0.003,0.522,0.049,0.519,0.049,0.522,0.049,0.522,0.049,0.527,0.050,0.522,0.049,0.522,0.049
41,0.175,0.025,0.015,0.003,0.528,0.048,0.526,0.049,0.528,0.048,0.528,0.048,0.533,0.051,0.528,0.048,0.528,0.048
42,0.176,0.023,0.015,0.003,0.526,0.048,0.524,0.049,0.526,0.048,0.526,0.048,0.530,0.050,0.526,0.048,0.526,0.048
43,0.171,0.025,0.015,0.003,0.532,0.046,0.530,0.047,0.532,0.046,0.532,0.046,0.536,0.048,0.532,0.046,0.532,0.046
44,0.164,0.026,0.015,0.003,0.536,0.047,0.533,0.047,0.536,0.047,0.536,0.047,0.540,0.049,0.536,0.047,0.536,0.047
45,0.161,0.023,0.015,0.003,0.539,0.049,0.536,0.050,0.539,0.049,0.539,0.049,0.542,0.052,0.539,0.049,0.539,0.049
46,0.159,0.020,0.015,0.003,0.551,0.047,0.549,0.047,0.551,0.047,0.551,0.047,0.555,0.048,0.551,0.047,0.552,0.047
47,0.143,0.023,0.015,0.003,0.562,0.047,0.560,0.048,0.562,0.047,0.562,0.047,0.566,0.050,0.562,0.047,0.562,0.047
48,0.133,0.018,0.015,0.003,0.565,0.054,0.563,0.056,0.565,0.054,0.565,0.054,0.571,0.057,0.565,0.054,0.565,0.055
49,0.125,0.024,0.013,0.003,0.566,0.052,0.564,0.053,0.566,0.052,0.566,0.052,0.571,0.055,0.566,0.052,0.566,0.052
50,0.130,0.017,0.015,0.003,0.566,0.051,0.564,0.053,0.566,0.051,0.566,0.051,0.571,0.055,0.566,0.051,0.566,0.051
51,0.127,0.020,0.015,0.003,0.566,0.053,0.565,0.055,0.566,0.053,0.566,0.053,0.571,0.057,0.566,0.053,0.567,0.053
52,0.126,0.019,0.015,0.003,0.569,0.053,0.567,0.054,0.569,0.053,0.569,0.053,0.574,0.057,0.569,0.053,0.569,0.053
53,0.129,0.018,0.015,0.003,0.568,0.051,0.566,0.053,0.568,0.051,0.568,0.051,0.573,0.055,0.568,0.051,0.568,0.051
54,0.127,0.019,0.015,0.003,0.568,0.054,0.566,0.055,0.568,0.054,0.568,0.054,0.572,0.058,0.568,0.054,0.568,0.054
55,0.126,0.019,0.015,0.003,0.567,0.053,0.565,0.054,0.567,0.053,0.567,0.053,0.571,0.056,0.567,0.053,0.567,0.053
56,0.127,0.018,0.015,0.003,0.567,0.052,0.565,0.053,0.567,0.052,0.567,0.052,0.571,0.055,0.567,0.052,0.567,0.052
57,0.126,0.019,0.016,0.003,0.566,0.050,0.564,0.051,0.566,0.050,0.566,0.050,0.571,0.053,0.566,0.050,0.566,0.050
58,0.121,0.021,0.015,0.003,0.569,0.050,0.567,0.051,0.569,0.050,0.569,0.050,0.573,0.052,0.569,0.050,0.569,0.050
59,0.121,0.021,0.015,0.004,0.566,0.053,0.564,0.054,0.566,0.053,0.566,0.053,0.571,0.055,0.566,0.053,0.566,0.053
60,0.127,0.015,0.015,0.003,0.567,0.054,0.565,0.055,0.567,0.054,0.567,0.054,0.572,0.056,0.567,0.054,0.567,0.054
61,0.128,0.016,0.016,0.003,0.568,0.050,0.566,0.051,0.568,0.050,0.568,0.050,0.573,0.053,0.568,0.050,0.568,0.050
62,0.123,0.017,0.016,0.004,0.574,0.048,0.572,0.049,0.574,0.048,0.574,0.048,0.579,0.050,0.574,0.048,0.574,0.048
63,0.124,0.019,0.016,0.004,0.572,0.048,0.571,0.049,0.572,0.048,0.572,0.048,0.578,0.050,0.572,0.048,0.572,0.048
64,0.111,0.017,0.015,0.004,0.571,0.049,0.569,0.050,0.571,0.049,0.571,0.049,0.576,0.051,0.571,0.049,0.571,0.049
65,0.114,0.016,0.015,0.004,0.576,0.047,0.575,0.048,0.576,0.047,0.576,0.047,0.583,0.049,0.576,0.047,0.576,0.048
66,0.115,0.017,0.016,0.003,0.571,0.050,0.570,0.051,0.571,0.050,0.571,0.050,0.577,0.051,0.571,0.050,0.571,0.050
67,0.113,0.021,0.015,0.004,0.576,0.052,0.574,0.054,0.576,0.052,0.576,0.052,0.582,0.055,0.576,0.052,0.576,0.052
68,0.110,0.019,0.015,0.004,0.577,0.052,0.575,0.052,0.577,0.052,0.577,0.052,0.583,0.054,0.577,0.052,0.577,0.052
69,0.118,0.016,0.016,0.004,0.579,0.053,0.578,0.054,0.579,0.053,0.579,0.053,0.586,0.054,0.579,0.053,0.579,0.053
70,0.115,0.015,0.016,0.004,0.581,0.051,0.580,0.052,0.581,0.051,0.581,0.051,0.586,0.053,0.581,0.051,0.581,0.051
71,0.113,0.016,0.016,0.004,0.579,0.052,0.578,0.052,0.579,0.052,0.579,0.052,0.584,0.052,0.579,0.052,0.579,0.052
72,0.108,0.016,0.016,0.004,0.577,0.051,0.576,0.052,0.577,0.051,0.577,0.051,0.583,0.052,0.577,0.051,0.577,0.052
73,0.112,0.015,0.016,0.004,0.580,0.052,0.578,0.053,0.580,0.052,0.580,0.052,0.585,0.053,0.580,0.052,0.580,0.052
74,0.106,0.017,0.016,0.004,0.579,0.052,0.577,0.052,0.579,0.052,0.579,0.052,0.584,0.053,0.579,0.052,0.579,0.052
75,0.112,0.015,0.016,0.004,0.576,0.049,0.574,0.049,0.576,0.049,0.576,0.049,0.582,0.050,0.576,0.049,0.576,0.049
76,0.112,0.016,0.017,0.004,0.578,0.050,0.576,0.051,0.578,0.050,0.578,0.050,0.583,0.052,0.578,0.050,0.578,0.050
77,0.114,0.016,0.017,0.004,0.579,0.049,0.577,0.050,0.579,0.049,0.579,0.049,0.585,0.050,0.579,0.049,0.579,0.049
78,0.117,0.013,0.018,0.004,0.578,0.048,0.576,0.049,0.578,0.048,0.578,0.048,0.584,0.050,0.578,0.048,0.578,0.048
79,0.115,0.014,0.018,0.004,0.582,0.048,0.580,0.049,0.582,0.048,0.582,0.048,0.588,0.049,0.582,0.048,0.582,0.048
80,0.107,0.014,0.017,0.004,0.582,0.049,0.580,0.050,0.582,0.049,0.582,0.049,0.588,0.050,0.582,0.049,0.582,0.049
81,0.106,0.014,0.016,0.004,0.590,0.050,0.589,0.050,0.590,0.050,0.590,0.050,0.597,0.048,0.590,0.050,0.590,0.050
82,0.099,0.017,0.015,0.004,0.588,0.050,0.587,0.050,0.588,0.050,0.588,0.050,0.594,0.049,0.588,0.050,0.588,0.050
83,0.103,0.017,0.016,0.004,0.588,0.052,0.586,0.053,0.588,0.052,0.588,0.052,0.593,0.052,0.588,0.052,0.588,0.052
84,0.106,0.013,0.016,0.004,0.588,0.050,0.586,0.051,0.588,0.050,0.588,0.050,0.593,0.051,0.588,0.050,0.588,0.050
85,0.104,0.017,0.016,0.004,0.592,0.050,0.590,0.051,0.592,0.050,0.592,0.050,0.597,0.050,0.592,0.050,0.592,0.050
86,0.113,0.011,0.017,0.004,0.595,0.050,0.593,0.051,0.595,0.050,0.595,0.050,0.600,0.052,0.595,0.050,0.595,0.051
87,0.111,0.014,0.018,0.004,0.594,0.049,0.592,0.050,0.594,0.049,0.594,0.049,0.600,0.049,0.594,0.049,0.594,0.049
88,0.114,0.011,0.017,0.004,0.594,0.049,0.592,0.050,0.594,0.049,0.594,0.049,0.600,0.050,0.594,0.049,0.594,0.049
89,0.111,0.014,0.017,0.004,0.591,0.051,0.590,0.051,0.591,0.051,0.591,0.051,0.598,0.050,0.591,0.051,0.591,0.051
90,0.114,0.013,0.018,0.004,0.594,0.048,0.592,0.049,0.594,0.048,0.594,0.048,0.600,0.048,0.594,0.048,0.594,0.049
91,0.111,0.015,0.017,0.004,0.594,0.051,0.593,0.051,0.594,0.051,0.594,0.051,0.601,0.050,0.594,0.051,0.594,0.051
92,0.118,0.016,0.019,0.005,0.592,0.050,0.591,0.051,0.592,0.050,0.592,0.050,0.599,0.051,0.592,0.050,0.592,0.050
93,0.119,0.014,0.019,0.005,0.593,0.050,0.592,0.050,0.593,0.050,0.593,0.050,0.599,0.050,0.593,0.050,0.593,0.050
94,0.119,0.013,0.019,0.004,0.593,0.050,0.591,0.050,0.593,0.050,0.593,0.050,0.600,0.050,0.593,0.050,0.593,0.050
95,0.121,0.016,0.018,0.004,0.591,0.050,0.590,0.050,0.591,0.050,0.591,0.050,0.598,0.050,0.591,0.050,0.591,0.050
96,0.107,0.015,0.017,0.004,0.593,0.049,0.592,0.049,0.593,0.049,0.593,0.049,0.600,0.049,0.593,0.049,0.593,0.049
97,0.108,0.015,0.017,0.005,0.595,0.051,0.594,0.051,0.595,0.051,0.595,0.051,0.602,0.051,0.595,0.051,0.595,0.051
98,0.104,0.016,0.017,0.005,0.594,0.052,0.593,0.052,0.594,0.052,0.594,0.052,0.601,0.051,0.594,0.052,0.594,0.052
99,0.111,0.014,0.018,0.004,0.594,0.053,0.593,0.053,0.594,0.053,0.594,0.053,0.602,0.052,0.594,0.053,0.594,0.053
100,0.101,0.016,0.017,0.005,0.592,0.053,0.591,0.053,0.592,0.053,0.592,0.053,0.599,0.053,0.592,0.053,0.592,0.054
110,0.119,0.014,0.020,0.004,0.604,0.053,0.603,0.053,0.604,0.053,0.604,0.053,0.612,0.052,0.604,0.053,0.604,0.053
120,0.112,0.015,0.020,0.004,0.621,0.050,0.620,0.051,0.621,0.050,0.621,0.050,0.628,0.051,0.621,0.050,0.621,0.051
130,0.106,0.016,0.022,0.006,0.625,0.053,0.624,0.053,0.625,0.053,0.625,0.053,0.632,0.052,0.625,0.053,0.625,0.053
140,0.116,0.019,0.023,0.006,0.644,0.050,0.642,0.050,0.644,0.050,0.644,0.050,0.650,0.050,0.644,0.050,0.644,0.050
150,0.123,0.014,0.027,0.006,0.655,0.051,0.654,0.051,0.655,0.051,0.655,0.051,0.662,0.050,0.655,0.051,0.655,0.051
160,0.120,0.018,0.027,0.007,0.653,0.050,0.652,0.050,0.653,0.050,0.653,0.050,0.659,0.051,0.653,0.050,0.653,0.050
170,0.139,0.015,0.030,0.006,0.655,0.050,0.654,0.051,0.655,0.050,0.655,0.050,0.661,0.051,0.655,0.050,0.655,0.050
180,0.139,0.013,0.031,0.007,0.658,0.049,0.656,0.050,0.658,0.049,0.658,0.049,0.664,0.050,0.658,0.049,0.658,0.049
190,0.144,0.024,0.031,0.009,0.666,0.049,0.665,0.050,0.666,0.049,0.666,0.049,0.672,0.050,0.666,0.049,0.666,0.049
200,0.153,0.019,0.033,0.007,0.666,0.044,0.664,0.044,0.666,0.044,0.666,0.044,0.671,0.045,0.666,0.044,0.666,0.044
210,0.147,0.031,0.032,0.009,0.671,0.046,0.669,0.047,0.671,0.046,0.671,0.046,0.677,0.047,0.671,0.046,0.671,0.046
220,0.167,0.028,0.034,0.009,0.675,0.043,0.673,0.044,0.675,0.043,0.675,0.043,0.681,0.044,0.675,0.043,0.675,0.043
230,0.163,0.038,0.034,0.010,0.675,0.041,0.673,0.041,0.675,0.041,0.675,0.041,0.681,0.042,0.675,0.041,0.675,0.041
240,0.176,0.037,0.037,0.009,0.673,0.045,0.671,0.046,0.673,0.045,0.673,0.045,0.678,0.046,0.673,0.045,0.673,0.045
250,0.193,0.034,0.039,0.009,0.685,0.042,0.684,0.043,0.685,0.042,0.685,0.042,0.691,0.044,0.685,0.042,0.685,0.042
260,0.180,0.047,0.038,0.010,0.686,0.043,0.684,0.044,0.686,0.043,0.686,0.043,0.692,0.044,0.686,0.043,0.686,0.044
270,0.210,0.039,0.043,0.012,0.685,0.044,0.684,0.045,0.685,0.044,0.685,0.044,0.691,0.045,0.685,0.044,0.685,0.044
280,0.226,0.049,0.046,0.011,0.688,0.043,0.687,0.043,0.688,0.043,0.688,0.043,0.695,0.043,0.688,0.043,0.688,0.043
290,0.220,0.047,0.045,0.013,0.687,0.042,0.686,0.043,0.687,0.042,0.687,0.042,0.694,0.043,0.687,0.042,0.687,0.042
300,0.245,0.062,0.046,0.015,0.689,0.042,0.687,0.043,0.689,0.042,0.689,0.042,0.695,0.043,0.689,0.042,0.689,0.042
310,0.249,0.055,0.049,0.013,0.689,0.042,0.688,0.043,0.689,0.042,0.689,0.042,0.696,0.042,0.689,0.042,0.689,0.042
320,0.263,0.061,0.051,0.014,0.689,0.045,0.688,0.045,0.689,0.045,0.689,0.045,0.696,0.046,0.689,0.045,0.689,0.045
330,0.265,0.089,0.048,0.017,0.695,0.045,0.694,0.045,0.695,0.045,0.695,0.045,0.702,0.045,0.695,0.045,0.695,0.045
340,0.279,0.078,0.053,0.018,0.698,0.047,0.697,0.048,0.698,0.047,0.698,0.047,0.704,0.048,0.698,0.047,0.698,0.047
350,0.302,0.087,0.055,0.018,0.699,0.047,0.697,0.047,0.699,0.047,0.699,0.047,0.704,0.047,0.699,0.047,0.699,0.047
360,0.336,0.080,0.060,0.018,0.700,0.051,0.699,0.051,0.700,0.051,0.700,0.051,0.706,0.051,0.700,0.051,0.700,0.051
370,0.334,0.102,0.061,0.022,0.701,0.048,0.700,0.048,0.701,0.048,0.701,0.048,0.707,0.048,0.701,0.048,0.701,0.048
380,0.385,0.084,0.066,0.017,0.706,0.049,0.705,0.049,0.706,0.049,0.706,0.049,0.712,0.049,0.706,0.049,0.706,0.049
390,0.385,0.067,0.066,0.018,0.705,0.047,0.704,0.047,0.705,0.047,0.705,0.047,0.712,0.047,0.705,0.047,0.705,0.047
400,0.417,0.139,0.066,0.024,0.706,0.047,0.705,0.047,0.706,0.047,0.706,0.047,0.713,0.047,0.706,0.047,0.706,0.047
410,0.457,0.136,0.072,0.022,0.702,0.048,0.701,0.048,0.702,0.048,0.702,0.048,0.708,0.048,0.702,0.048,0.702,0.048
420,0.452,0.155,0.066,0.027,0.700,0.048,0.699,0.048,0.700,0.048,0.700,0.048,0.707,0.048,0.700,0.048,0.700,0.048
430,0.502,0.161,0.071,0.023,0.700,0.047,0.699,0.047,0.700,0.047,0.700,0.047,0.707,0.046,0.700,0.047,0.700,0.047
440,0.569,0.179,0.075,0.026,0.696,0.047,0.695,0.048,0.696,0.047,0.696,0.047,0.704,0.048,0.696,0.047,0.696,0.047
450,0.589,0.156,0.081,0.027,0.697,0.050,0.697,0.050,0.697,0.050,0.697,0.050,0.705,0.050,0.697,0.050,0.697,0.050
460,0.616,0.217,0.084,0.028,0.694,0.050,0.693,0.050,0.694,0.050,0.694,0.050,0.701,0.049,0.694,0.050,0.694,0.050
470,0.635,0.278,0.079,0.032,0.696,0.049,0.695,0.049,0.696,0.049,0.696,0.049,0.704,0.048,0.696,0.049,0.696,0.049
480,0.690,0.235,0.087,0.033,0.699,0.048,0.699,0.048,0.699,0.048,0.699,0.048,0.707,0.048,0.699,0.048,0.699,0.048
490,0.713,0.304,0.087,0.035,0.697,0.048,0.697,0.049,0.697,0.048,0.697,0.048,0.705,0.048,0.697,0.048,0.697,0.048
500,0.803,0.311,0.090,0.035,0.698,0.048,0.697,0.049,0.698,0.048,0.698,0.048,0.706,0.048,0.698,0.048,0.698,0.048
510,0.854,0.294,0.103,0.041,0.700,0.049,0.700,0.049,0.700,0.049,0.700,0.049,0.709,0.049,0.700,0.049,0.701,0.049
520,0.804,0.434,0.093,0.036,0.701,0.051,0.701,0.051,0.701,0.051,0.701,0.051,0.709,0.051,0.701,0.051,0.701,0.051
530,0.947,0.269,0.105,0.035,0.699,0.049,0.698,0.050,0.699,0.049,0.699,0.049,0.707,0.049,0.699,0.049,0.699,0.049
540,0.982,0.340,0.113,0.046,0.699,0.049,0.698,0.050,0.699,0.049,0.699,0.049,0.707,0.049,0.699,0.049,0.699,0.050
550,0.950,0.381,0.107,0.040,0.698,0.048,0.697,0.049,0.698,0.048,0.698,0.048,0.706,0.048,0.698,0.048,0.698,0.048
560,1.046,0.590,0.112,0.051,0.699,0.049,0.698,0.050,0.699,0.049,0.699,0.049,0.707,0.049,0.699,0.049,0.699,0.049
570,1.000,0.593,0.107,0.045,0.700,0.049,0.699,0.050,0.700,0.049,0.700,0.049,0.708,0.049,0.700,0.049,0.700,0.049
580,1.031,0.523,0.117,0.046,0.701,0.049,0.700,0.050,0.701,0.049,0.701,0.049,0.709,0.049,0.701,0.049,0.701,0.049
590,1.104,0.506,0.119,0.048,0.701,0.048,0.700,0.049,0.701,0.048,0.701,0.048,0.709,0.048,0.701,0.048,0.701,0.049
600,1.384,0.709,0.125,0.058,0.700,0.049,0.699,0.050,0.700,0.049,0.700,0.049,0.708,0.049,0.700,0.049,0.700,0.049
610,1.142,0.750,0.116,0.051,0.702,0.050,0.701,0.051,0.702,0.050,0.702,0.050,0.710,0.050,0.702,0.050,0.702,0.050
620,1.358,0.530,0.135,0.050,0.702,0.051,0.701,0.052,0.702,0.051,0.702,0.051,0.710,0.051,0.702,0.051,0.702,0.051
630,1.511,0.599,0.138,0.066,0.700,0.050,0.699,0.051,0.700,0.050,0.700,0.050,0.708,0.050,0.700,0.050,0.700,0.050
640,1.317,0.851,0.122,0.055,0.701,0.050,0.700,0.051,0.701,0.050,0.701,0.050,0.709,0.050,0.701,0.050,0.701,0.050
650,1.580,0.516,0.146,0.047,0.701,0.049,0.700,0.050,0.701,0.049,0.701,0.049,0.709,0.049,0.701,0.049,0.701,0.049
660,1.731,0.760,0.147,0.069,0.702,0.049,0.701,0.050,0.702,0.049,0.702,0.049,0.709,0.049,0.702,0.049,0.701,0.049
670,1.970,0.941,0.159,0.079,0.703,0.049,0.702,0.050,0.703,0.049,0.703,0.049,0.711,0.049,0.703,0.049,0.703,0.049
680,1.958,0.969,0.156,0.071,0.704,0.049,0.703,0.050,0.704,0.049,0.704,0.049,0.711,0.049,0.704,0.049,0.704,0.049
690,1.817,0.522,0.164,0.063,0.705,0.050,0.704,0.050,0.705,0.050,0.705,0.050,0.712,0.050,0.705,0.050,0.704,0.050
700,1.966,0.494,0.174,0.055,0.704,0.049,0.703,0.050,0.704,0.049,0.704,0.049,0.712,0.049,0.704,0.049,0.704,0.049
710,1.948,0.632,0.163,0.070,0.701,0.050,0.700,0.051,0.701,0.050,0.701,0.050,0.708,0.050,0.701,0.050,0.701,0.050
720,2.021,0.524,0.180,0.074,0.700,0.049,0.699,0.050,0.700,0.049,0.700,0.049,0.707,0.049,0.700,0.049,0.700,0.049
730,1.952,1.233,0.155,0.065,0.698,0.049,0.696,0.050,0.698,0.049,0.698,0.049,0.705,0.049,0.698,0.049,0.698,0.049
740,1.962,0.965,0.170,0.068,0.695,0.048,0.694,0.049,0.695,0.048,0.695,0.048,0.702,0.048,0.695,0.048,0.695,0.048
750,2.112,0.785,0.178,0.072,0.694,0.049,0.693,0.049,0.694,0.049,0.694,0.049,0.701,0.048,0.694,0.049,0.694,0.049
760,1.942,1.021,0.174,0.080,0.694,0.048,0.693,0.049,0.694,0.048,0.694,0.048,0.701,0.048,0.694,0.048,0.694,0.049
770,2.083,1.064,0.178,0.080,0.693,0.049,0.692,0.049,0.693,0.049,0.693,0.049,0.700,0.048,0.693,0.049,0.693,0.049
780,2.709,1.174,0.192,0.081,0.692,0.049,0.691,0.050,0.692,0.049,0.692,0.049,0.700,0.049,0.692,0.049,0.692,0.049
790,2.183,1.103,0.191,0.085,0.690,0.050,0.690,0.051,0.690,0.050,0.690,0.050,0.698,0.050,0.690,0.050,0.690,0.051
800,2.497,0.664,0.206,0.068,0.691,0.050,0.690,0.051,0.691,0.050,0.691,0.050,0.698,0.050,0.691,0.050,0.691,0.050
810,2.852,1.296,0.193,0.097,0.690,0.049,0.690,0.050,0.690,0.049,0.690,0.049,0.698,0.049,0.690,0.049,0.690,0.049
820,2.563,0.881,0.203,0.096,0.690,0.049,0.690,0.050,0.690,0.049,0.690,0.049,0.698,0.049,0.690,0.049,0.690,0.050
830,2.578,0.797,0.218,0.101,0.690,0.049,0.690,0.049,0.690,0.049,0.690,0.049,0.699,0.048,0.690,0.049,0.690,0.049
840,2.505,1.012,0.193,0.083,0.691,0.048,0.690,0.048,0.691,0.048,0.691,0.048,0.699,0.048,0.691,0.048,0.691,0.048
850,3.425,1.488,0.229,0.110,0.690,0.049,0.689,0.050,0.690,0.049,0.690,0.049,0.698,0.049,0.690,0.049,0.690,0.050
860,2.463,1.332,0.203,0.097,0.690,0.049,0.690,0.049,0.690,0.049,0.690,0.049,0.698,0.049,0.690,0.049,0.690,0.049
870,2.907,0.784,0.232,0.079,0.691,0.048,0.690,0.048,0.691,0.048,0.691,0.048,0.699,0.047,0.691,0.048,0.691,0.048
880,2.886,0.708,0.228,0.104,0.691,0.049,0.691,0.049,0.691,0.049,0.691,0.049,0.699,0.049,0.691,0.049,0.691,0.050
890,2.930,1.036,0.240,0.109,0.690,0.049,0.689,0.049,0.690,0.049,0.690,0.049,0.698,0.049,0.690,0.049,0.690,0.049
900,2.839,1.066,0.231,0.092,0.689,0.048,0.689,0.048,0.689,0.048,0.689,0.048,0.698,0.048,0.689,0.048,0.689,0.049
910,3.489,1.388,0.244,0.115,0.685,0.049,0.685,0.049,0.685,0.049,0.685,0.049,0.694,0.049,0.685,0.049,0.685,0.049
920,3.145,0.776,0.236,0.099,0.685,0.051,0.685,0.051,0.685,0.051,0.685,0.051,0.694,0.050,0.685,0.051,0.685,0.051
930,4.056,1.698,0.276,0.135,0.683,0.050,0.683,0.050,0.683,0.050,0.683,0.050,0.692,0.049,0.683,0.050,0.683,0.050
940,3.156,0.981,0.240,0.108,0.684,0.050,0.683,0.050,0.684,0.050,0.684,0.050,0.692,0.049,0.684,0.050,0.684,0.050
950,3.609,1.919,0.237,0.108,0.684,0.050,0.684,0.050,0.684,0.050,0.684,0.050,0.692,0.049,0.684,0.050,0.684,0.050
960,3.916,1.407,0.283,0.135,0.683,0.050,0.683,0.050,0.683,0.050,0.683,0.050,0.692,0.049,0.683,0.050,0.683,0.050
970,3.460,0.780,0.279,0.092,0.683,0.049,0.683,0.049,0.683,0.049,0.683,0.049,0.692,0.048,0.683,0.049,0.683,0.049
972,4.414,1.729,0.266,0.138,0.682,0.050,0.682,0.049,0.682,0.050,0.682,0.050,0.691,0.049,0.682,0.050,0.682,0.050
